Latitude, Longitude, CreatedAt, ImagePath
,,,
29.941996699999997, 29.941996699999997, Tue Jan 21 2020 06:40:05 GMT+0530 (India Standard Time), https://firebasestorage.googleapis.com/v0/b/hackathon-192011.appspot.com/o/images%2F0.7300094053345794.jpg?alt=media&token=5e09a9c8-824f-4315-b133-303219c4b6fc
29.941996699999997, 29.941996699999997, Tue Jan 21 2020 06:42:04 GMT+0530 (India Standard Time), https://firebasestorage.googleapis.com/v0/b/hackathon-192011.appspot.com/o/images%2F0.7300094053345794.jpg?alt=media&token=36835173-8ac1-4e99-82d5-a7e66f773fe3
29.941996699999997, 29.941996699999997, Tue Jan 21 2020 08:21:21 GMT+0530 (India Standard Time), https://firebasestorage.googleapis.com/v0/b/hackathon-192011.appspot.com/o/images%2F0.17688880382369665.jpg?alt=media&token=29c494e4-2d57-4dd6-b97c-f4c63baf043b
29.941996699999997, 29.941996699999997, Tue Jan 21 2020 08:26:08 GMT+0530 (India Standard Time), https://firebasestorage.googleapis.com/v0/b/hackathon-192011.appspot.com/o/images%2F0.43268005520879727.jpg?alt=media&token=ec590c36-7b68-4fbc-a5c6-9399dfc3792d
29.941996699999997, 29.941996699999997, Tue Jan 21 2020 08:27:39 GMT+0530 (India Standard Time), https://firebasestorage.googleapis.com/v0/b/hackathon-192011.appspot.com/o/images%2F0.8385581198115457.jpg?alt=media&token=9fcb61bd-20cd-4b63-9250-25768c49e2ab
29.941996699999997, 29.941996699999997, Tue Jan 21 2020 08:28:50 GMT+0530 (India Standard Time), https://firebasestorage.googleapis.com/v0/b/hackathon-192011.appspot.com/o/images%2F0.9394620852936144.jpg?alt=media&token=788fc6c6-3df0-47f3-b346-fe52470b552d
29.941996699999997, 29.941996699999997, Tue Jan 21 2020 08:29:37 GMT+0530 (India Standard Time), https://firebasestorage.googleapis.com/v0/b/hackathon-192011.appspot.com/o/images%2F0.019233732971185358.jpg?alt=media&token=4242ea02-5099-4eed-83ab-cdce3e3192b1
29.941996699999997, 29.941996699999997, Tue Jan 21 2020 08:30:04 GMT+0530 (India Standard Time), https://firebasestorage.googleapis.com/v0/b/hackathon-192011.appspot.com/o/images%2F0.2675251131941325.jpg?alt=media&token=9ed2daf6-6285-4448-aba6-68414595cb94
29.941996699999997, 29.941996699999997, Tue Jan 21 2020 08:32:17 GMT+0530 (India Standard Time), https://firebasestorage.googleapis.com/v0/b/hackathon-192011.appspot.com/o/images%2F0.8893042948673233.jpg?alt=media&token=d0130804-a48c-4b9d-b320-4f9450bbe011
29.941996699999997, 29.941996699999997, Tue Jan 21 2020 08:35:34 GMT+0530 (India Standard Time), https://firebasestorage.googleapis.com/v0/b/hackathon-192011.appspot.com/o/images%2F0.04629207417137571.jpg?alt=media&token=65f7d626-5dbc-4f8f-aeba-ba5567fbf60f
29.941996699999997, 29.941996699999997, Tue Jan 21 2020 08:36:53 GMT+0530 (India Standard Time), https://firebasestorage.googleapis.com/v0/b/hackathon-192011.appspot.com/o/images%2F0.6794526150257181.jpg?alt=media&token=8a8794ae-3a85-4519-b489-43d87b97cee7
29.941996699999997, 29.941996699999997, Tue Jan 21 2020 08:41:45 GMT+0530 (India Standard Time), https://firebasestorage.googleapis.com/v0/b/hackathon-192011.appspot.com/o/images%2F0.8555096162086511.jpg?alt=media&token=b762102a-8e98-444e-8ce0-ed1c514d5622
29.941996699999997, 29.941996699999997, Tue Jan 21 2020 08:42:44 GMT+0530 (India Standard Time), https://firebasestorage.googleapis.com/v0/b/hackathon-192011.appspot.com/o/images%2F0.12054571763982969.jpg?alt=media&token=9b98f890-e60a-48b1-b85a-26edcabd8f63
29.941996699999997, 29.941996699999997, Tue Jan 21 2020 08:43:54 GMT+0530 (India Standard Time), https://firebasestorage.googleapis.com/v0/b/hackathon-192011.appspot.com/o/images%2F0.12054571763982969.jpg?alt=media&token=f706c3b2-e9a4-45e1-9228-fec00de24f2b
29.941996699999997, 29.941996699999997, Tue Jan 21 2020 08:45:16 GMT+0530 (India Standard Time), https://firebasestorage.googleapis.com/v0/b/hackathon-192011.appspot.com/o/images%2F0.27473088908375276.jpg?alt=media&token=32922760-5dd6-495c-bcb8-aba2b9280801
29.941996699999997, 29.941996699999997, Tue Jan 21 2020 08:46:01 GMT+0530 (India Standard Time), https://firebasestorage.googleapis.com/v0/b/hackathon-192011.appspot.com/o/images%2F0.49171384031041776.jpg?alt=media&token=0096a2ba-be3d-40d2-9acb-5e70a77a5989
29.941996699999997, 29.941996699999997, Tue Jan 21 2020 08:48:25 GMT+0530 (India Standard Time), https://firebasestorage.googleapis.com/v0/b/hackathon-192011.appspot.com/o/images%2F0.5147034524037326.jpg?alt=media&token=afee123e-32f3-45ef-90b1-0936ba17d3d9
29.941996699999997, 29.941996699999997, Tue Jan 21 2020 08:49:16 GMT+0530 (India Standard Time), https://firebasestorage.googleapis.com/v0/b/hackathon-192011.appspot.com/o/images%2F0.18173678921895697.jpg?alt=media&token=ce1f0399-dcd1-4602-b3b2-0fcfa9f450b4
29.941996699999997, 29.941996699999997, Tue Jan 21 2020 08:50:08 GMT+0530 (India Standard Time), https://firebasestorage.googleapis.com/v0/b/hackathon-192011.appspot.com/o/images%2F0.4084786655246444.jpg?alt=media&token=944164b6-b2ea-4f4b-b12a-ee6b0ae55c59
29.941996699999997, 29.941996699999997, Tue Jan 21 2020 09:03:04 GMT+0530 (India Standard Time), https://firebasestorage.googleapis.com/v0/b/hackathon-192011.appspot.com/o/images%2F0.5430859757380735.jpg?alt=media&token=0c178ff7-235f-4cdd-86d9-7fb1a9729388
29.941996699999997, 29.941996699999997, Tue Jan 21 2020 09:03:50 GMT+0530 (India Standard Time), https://firebasestorage.googleapis.com/v0/b/hackathon-192011.appspot.com/o/images%2F0.29501819745064695.jpg?alt=media&token=8f2df35f-c710-4e65-ac24-7e1f529cccb8
29.941996699999997, 29.941996699999997, Tue Jan 21 2020 10:14:32 GMT+0530 (India Standard Time), https://firebasestorage.googleapis.com/v0/b/hackathon-192011.appspot.com/o/images%2F0.8198235817931705.jpg?alt=media&token=64a1d2a4-36be-46b8-9c20-cebc5a9cf4d7
29.941996699999997, 76.8144186, Tue Jan 21 2020 11:58:07 GMT+0530 (India Standard Time), https://firebasestorage.googleapis.com/v0/b/hackathon-192011.appspot.com/o/images%2F0.4790734858082153.jpg?alt=media&token=58cc8a18-c811-4820-a232-e5ad28bc4277
29.941996699999997, 76.8144186, Tue Jan 21 2020 11:58:55 GMT+0530 (India Standard Time), https://firebasestorage.googleapis.com/v0/b/hackathon-192011.appspot.com/o/images%2F0.6279403378566737.jpg?alt=media&token=1d388fad-434b-4bfb-9d95-1bd4240b6c87
